"MORPH","DISTANCE","PLACED","REMOVED"
"light",0,56,17
"dark",0,56,14
"light",7.199999809265137,80,28
"dark",7.199999809265137,80,20
"light",24.100000381469727,52,18
"dark",24.100000381469727,52,22
"light",30.200000762939453,60,9
"dark",30.200000762939453,60,16
"light",36.400001525878906,60,16
"dark",36.400001525878906,60,23
"light",41.5,84,20
"dark",41.5,84,40
"light",51.20000076293945,92,24
"dark",51.20000076293945,92,39
