"VELOCITY","DISTANCE"
170,.03200000151991844
290,.03400000184774399
-130,.21400000154972076
-70,.2630000114440918
-185,.2750000059604645
-220,.2750000059604645
200,.44999998807907104
290,.5
270,.5
200,.6299999952316284
300,.800000011920929
-30,.8999999761581421
650,.8999999761581421
150,.8999999761581421
500,.8999999761581421
920,1
450,1.100000023841858
500,1.100000023841858
500,1.399999976158142
960,1.7000000476837158
500,2
850,2
800,2
1090,2
