PLANET,ORDER,DISTANCE
Mercury,1,3.869999885559082
Venus,2,7.230000019073486
earth,3,10
Mars,4,15.239999771118164
(Asteroids),5,29
Jupiter,6,52.029998779296875
Saturn,7,95.45999908447266
Uranus,8,192
Neptune,9,300.8999938964844
Pluto,10,395
